P3a_B02_500dot688_cell1,P3a_B02_500dot688_cell2,P3a_B02_500dot688_cell3,P3a_B02_500dot688_background,P3a_B03_500dot456_cell1,P3a_B03_500dot456_cell2,P3a_B03_500dot456_cell3,P3a_B03_500dot456_background,P3a_B04_500dot712_cell1,P3a_B04_500dot712_cell2,P3a_B04_500dot712_cell3,P3a_B04_500dot712_background,P3a_B05_10dot641_cell1,P3a_B05_10dot641_cell2,P3a_B05_10dot641_cell3,P3a_B05_10dot641_background,P3a_B06_10dot921_cell1,P3a_B06_10dot921_cell2,P3a_B06_10dot921_cell3,P3a_B06_10dot921_background,P3a_B07_10dot1473_cell1,P3a_B07_10dot1473_cell2,P3a_B07_10dot1473_cell3,P3a_B07_10dot1473_background,P3a_B08_538dot1_cell1,P3a_B08_538dot1_cell2,P3a_B08_538dot1_cell3,P3a_B08_538dot1_background,P3a_E02_500dot707_cell1,P3a_E02_500dot707_cell2,P3a_E02_500dot707_cell3,P3a_E02_500dot707_background,P3a_E03_500dot640_cell1,P3a_E03_500dot640_cell2,P3a_E03_500dot640_cell3,P3a_E03_500dot640_background,P3a_E04_500dot543_cell1,P3a_E04_500dot543_cell2,P3a_E04_500dot543_cell3,P3a_E04_500dot543_background,P3a_E06_10dot1513_cell1,P3a_E06_10dot1513_cell2,P3a_E06_10dot1513_cell3,P3a_E06_10dot1513_background,P3a_E09_500dot686_cell1,P3a_E09_500dot686_cell2,P3a_E09_500dot686_cell3,P3a_E09_500dot686_background,P3a_E10_10dot1561_cell1,P3a_E10_10dot1561_cell2,P3a_E10_10dot1561_cell3,P3a_E10_10dot1561_background,P3a_E11_500dot455_cell1,P3a_E11_500dot455_cell2,P3a_E11_500dot455_cell3,P3a_E11_500dot455_background,P4a_B02_500dot688_cell1,P4a_B02_500dot688_cell2,P4a_B02_500dot688_cell3,P4a_B02_500dot688_background,P4a_B03_500dot456_cell1,P4a_B03_500dot456_cell2,P4a_B03_500dot456_cell3,P4a_B03_500dot456_background,P4a_B04_500dot712_cell1,P4a_B04_500dot712_cell2,P4a_B04_500dot712_cell3,P4a_B04_500dot712_background,P4a_B05_10dot641_cell1,P4a_B05_10dot641_cell2,P4a_B05_10dot641_cell3,P4a_B05_10dot641_background,P4a_B06_10dot921_cell1,P4a_B06_10dot921_cell2,P4a_B06_10dot921_cell3,P4a_B06_10dot921_background,P4a_B07_10dot1473_cell1,P4a_B07_10dot1473_cell2,P4a_B07_10dot1473_cell3,P4a_B07_10dot1473_background,P4a_B08_538dot1_cell1,P4a_B08_538dot1_cell2,P4a_B08_538dot1_cell3,P4a_B08_538dot1_background,P4a_E02_500dot707_cell1,P4a_E02_500dot707_cell2,P4a_E02_500dot707_cell3,P4a_E02_500dot707_background,P4a_E03_500dot640_cell1,P4a_E03_500dot640_cell2,P4a_E03_500dot640_cell3,P4a_E03_500dot640_background,P4a_E04_500dot543_cell1,P4a_E04_500dot543_cell2,P4a_E04_500dot543_cell3,P4a_E04_500dot543_background,P4a_E06_10dot1513_cell1,P4a_E06_10dot1513_cell2,P4a_E06_10dot1513_cell3,P4a_E06_10dot1513_background,P4a_E09_500dot686_cell1,P4a_E09_500dot686_cell2,P4a_E09_500dot686_cell3,P4a_E09_500dot686_background,P4a_E10_10dot1561_cell1,P4a_E10_10dot1561_cell2,P4a_E10_10dot1561_cell3,P4a_E10_10dot1561_background,P4a_E11_500dot455_cell1,P4a_E11_500dot455_cell2,P4a_E11_500dot455_cell3,P4a_E11_500dot455_background
6486.409,3960.076,5756.473,1105.847,2409.268,2839.154,4537.23,1086.482,2436.5,3010.917,4214.164,1129.038,7102.625,4747.909,6277.309,1151.622,5333.429,5256.578,5623.267,1283.44,2159.239,3752.12,3303.639,1089.839,5403.829,3315.697,3496.04,1223.51,10662.5,20381.199,16050.297,1235.915,7346.859,2347.875,3087.972,1046.935,6975.016,9866.9,12297.505,1264.117,10668.25,6466.646,17871.227,1378.363,9300.446,21055.312,10251.277,1334.935,21000.25,29782.111,27617.152,1477.233,39282.312,25604.855,30122.986,1667.657,2110.92,2098.381,2495.832,1008.924,2261.572,5458.351,2534.658,883.239,1745.482,1722.175,1447.986,1040.395,1775.533,2322.91,3825.643,1100.164,5248.912,1576.861,1929.614,956.805,1989.222,3843.615,3059.091,1024.63,1472.031,1890.208,2393.688,1149.348,22595.273,10874.873,24282.518,1435.781,2409.433,3159.281,4670.286,1151.376,9126.306,4275.143,5396.023,1307.584,6697.725,7046.032,8309.08,1233.338,27881.682,16278.142,21807.389,1378.371,42658.039,41305.277,39161.086,1569.483,20401.107,22854.678,24444.203,1783.323
6245.991,3819.962,5481.154,1074.927,2292.822,2731.744,4381.32,1048.547,2361.125,2738.667,4067.545,1093.521,6838.602,4515.081,5973.482,1106.224,5117.099,4992.411,5302.911,1230.053,1891.33,3558.29,3081.75,1040.417,4903.586,3016.932,3148.98,1173.165,10061.944,19372.6,15139.243,1187.342,7052.281,2277.979,2946.843,1002.681,6783.828,8863.037,8752.81,1186.231,8209.889,5427.021,13935.682,1303.223,8995.482,20231.438,9786.259,1241.583,19828.104,28502.43,26254.344,1383.627,38267.91,24534.73,28904.057,1571.472,1986.875,1975.381,2361.704,972.511,2194.397,5266.162,2438.45,861.88,1627.732,1694.111,1390.729,1006.995,1687.15,2247.692,3647.741,1054.182,4988.503,1514.833,1823.429,923.788,1880.375,3631.417,2892.929,991.917,1401.531,1695.521,2144.969,1108.61,21917.545,7418.945,23353.234,1342.571,2307.367,2995.203,4110.214,1099.387,8696.792,3337.014,4034.125,1216.478,6614.65,6831.667,6526.8,1160.832,20679.697,11225.941,15474.024,1282.397,37320.129,36319.07,37871.586,1463.28,19337.777,15419,23061.285,1611.399
6210.291,3779.886,5505.703,1053.003,2278.322,2732.179,4235.93,1025.771,2327.75,2610.708,4035.636,1065.864,6780.977,4477.959,5944.909,1075.001,5054.099,4941.422,5217.778,1187.5,1761.023,3498.34,3061.958,1012.032,4869.543,2880.341,3033.939,1131.735,10049.889,19267.1,15143.271,1164.785,6951.844,2233.708,2907.204,983.074,6684.172,8781.388,8395.952,1152.96,7997.917,5259.521,13569.379,1268.725,8975.036,20215.047,9699.944,1196.498,19707.938,28413.875,26130.334,1343.496,38166.141,24530.875,28770.801,1506.501,1939.886,1931,2334.924,949.007,2167.063,5220.156,2406.35,846.851,1608.964,1635.762,1346.743,985.401,1668.425,2190.987,3599.487,1024.786,4918.597,1440.208,1786.643,905.089,1837.792,3586.562,2874.788,967.583,1351.694,1699.188,2062.984,1076.271,21745.834,7194.873,23333.186,1303.181,2231.967,2943.359,4149.821,1068.177,8616.736,3239.729,3878.864,1171.848,6438,6816.095,6282.2,1123.606,20103.168,10902.783,14829.9,1248.287,37005.922,36112.43,37746,1422.305,19172.027,14976.357,22840.551,1536.012
6151.391,3697.949,5440.967,1037.845,2203.125,2642.09,4270.06,1003.796,2302.839,2522.472,3964.854,1041.091,6678.284,4419.95,5876.4,1046.305,4955.439,4834.833,5171.311,1151.254,3260.33,3423.67,3043.097,988.282,4730.486,2801.818,2937.758,1100.78,9973.889,19001.834,15036.541,1139.035,6953.188,2176,2913.491,966.141,6657.141,8665.025,8328.667,1127.432,8030.556,5179.042,13417.742,1243.846,8854.536,20233.609,9628.223,1167.825,19678.354,28340.736,26021.373,1293.076,38024.445,24268.145,28581.1,1464.949,1909.659,1896.619,2280.428,928.188,2152.333,5206.104,2409.592,837.513,1559.143,1618.603,1308.507,964.291,1641.242,2187.237,3541.188,999.777,4904.918,1438.056,1770.571,893.889,1793.944,3536.781,2827.495,954.46,1347.888,1626.771,2007.156,1047.911,21623.137,7119.327,23026.445,1266.277,2190.4,2874.812,3886.661,1039.003,8483.181,3101.457,3833.523,1132.674,6350,6761.92,6191.4,1091.702,19985.059,10693.708,14637.454,1217.567,36783.816,35881.695,37693.125,1392.85,19000.902,14781.268,22664.389,1476.644
6149.573,3759.975,5413.868,1029.506,2182.072,2642.949,4251.82,984.771,2283.857,2413.458,3968.955,1028.095,6692.273,4410.646,5852.118,1027.127,4979.561,4841.678,5125.733,1121.854,3025.852,3402.84,2988.583,970.722,4625.986,2752.705,2883.818,1063.459,9792.277,18830.133,14875.243,1119.526,7021,2152.062,2877.704,952.002,6618.141,8513.175,8242.752,1096.838,7948.25,5164.312,13415.356,1229.545,8756.679,19847.547,9658.019,1141.683,19622.375,28205.875,26011.424,1257.924,37835.555,24040.961,28435.143,1418.113,1864.205,1875.452,2270.072,911.895,2140.794,5190.351,2370.2,825.01,1500.911,1589.73,1279.3,948.742,1599.333,2146.205,3532.094,979.993,4850.86,1425.486,1746.443,875.327,1795.319,3520.083,2804.414,939.947,1291.52,1591.125,1930.812,1026.476,21384.334,7063.6,22983.926,1241.221,2231.333,2903.328,4137.625,1020.235,8457.473,3064.229,3799.136,1104.208,6467.425,6778.27,6116.24,1064.661,19868.164,10681.175,14564.496,1201.163,36722.391,35673.152,37645.449,1367.503,18888.357,14654.875,22699.836,1434.665
6095.146,3664.734,5400.978,1011.554,2162.5,2551.218,4235.41,974.385,2243.161,2414.153,3952.509,1018.862,6675.5,4381.687,5845.345,1013.562,4909.022,4792.133,5046.556,1100.783,3163.795,3368.94,2948.833,953.047,4619.357,2702.174,2799.344,1043.941,9859.5,18747.268,14763.541,1102.393,6885.625,2117.896,2834.093,938.387,6591.828,8499.963,8175.419,1080.346,7761.222,5112,13277.72,1206.397,8687.429,19718.453,9615.944,1120.638,19629.584,28310.041,25947.242,1229.08,37679.254,23899.211,28392.172,1396.863,1845.125,1875.381,2237.643,899.963,2095.651,5158.357,2334.608,816.708,1501.75,1573.127,1265.664,935.806,1605.142,2160.442,3479.714,962.642,4842.743,1404.583,1765.414,867.186,1761.903,3463.521,2776.01,925.117,1287.929,1575.146,1931.891,1004.436,21349.439,7015.527,22893.26,1218.069,2110.367,2790.078,4407.536,1008.778,8389.152,3005.086,3731.148,1078.639,6391.775,6864.413,6093.88,1046.32,19741.361,10662.8,14423.38,1190.42,36665.715,35666.152,37539.711,1346.852,18706.01,14570.75,22433.082,1394.206
6066.727,3660.861,5371.824,1004.503,2183.286,2565.539,4192.89,970.003,2226.518,2316.903,3922.418,1010.714,6671.443,4356.435,5790.754,1001.418,4899.517,4782.833,5058.111,1071.309,1972.284,3316.61,2973.833,945.748,4564.786,2668.205,2803.465,1025.509,9761.861,18630.4,14724.892,1091.472,6863.672,2133.354,2842.417,929.199,6498.531,8498.7,8172.695,1069.242,7745.472,5039.125,13320.484,1195.702,8731.857,19559.578,9625.852,1103.561,19612.188,28279.014,25869.615,1227.007,37635.012,23726.395,28268.029,1376.038,1827.705,1876.286,2208.505,886.143,2094.333,5157.331,2331.508,813.202,1458.25,1545.73,1236.386,925.586,1578.25,2117.994,3485.638,947.632,4819.924,1382.792,1725.686,862.663,1748.722,3448.812,2760.525,916.379,1251.327,1548.604,1888.078,989.276,21322.439,6961.609,22821.357,1204.048,2154.233,2722.109,4502.036,996.544,8421.556,2929.243,3687.739,1056.496,6379.275,6936.619,6119.64,1031.245,19703.852,10598.7,14477.496,1174.623,36471.375,35531.891,37522.176,1340.737,18800.393,14589.268,22470.02,1366.587
6089.345,3642.861,5324.352,999.744,2119.161,2573.5,4199.99,957.047,2193.589,2274,3876.309,1006.044,6618.773,4362.444,5821.391,992.881,4808.692,4747.611,5054.956,1060.902,1650.898,3346.77,2888.431,939.032,4598.843,2642.432,2754.768,1012.694,9782.444,18614.768,14791.027,1085.073,6858.516,2138.292,2852.333,926.583,6469,8409.825,8086.181,1058.346,7742.694,5048.333,13253.151,1185.259,8650.607,19466.781,9503.796,1086.377,19626.521,28197.055,25831.213,1191.44,37477.617,23634.605,28050.572,1355.475,1832.375,1880.976,2210.505,879.186,2103.746,5086.565,2323.108,809.188,1426.482,1517.27,1232.25,917.55,1569.4,2103.66,3482.996,935.108,4812.9,1388.861,1712.457,852.842,1740,3441.656,2784.323,912.221,1264.837,1510.5,1874.453,972.847,21268.637,6925.918,22706.197,1189.589,2119.433,2680.828,4547.089,982.587,8396,2917.757,3647.011,1042.639,6397.65,7083.556,5945.56,1021.234,19618.658,10563.017,14401.678,1169.6,36538.48,35616.32,37521.199,1334.47,18589.152,14408.732,22394.572,1332.598
6021.282,3656.19,5384.198,999.598,2138.214,2536.59,4125.83,954.847,2209.143,2253.097,3896.245,999.921,6646.705,4332.687,5838.691,986.054,4793.319,4771.3,5056.211,1042.767,2345,3311.79,2855.583,935.333,4578,2613.326,2784.848,995.897,9687.75,18742.434,14629.567,1079.445,6900.25,2071.646,2830.889,916.767,6440.344,8327.925,8032.81,1046.672,7657.528,5013.25,13268.212,1177.818,8576.089,19528.766,9479.296,1075.114,19722.688,28279.111,25928.92,1183.674,37420.961,23516.076,28076.301,1339.392,1794.58,1827.738,2190.377,872.803,2091,5140.143,2321.542,804.224,1427.482,1532.111,1221.664,911.332,1585.383,2114.526,3447.241,928.211,4775.713,1377.944,1691.543,849.149,1727.528,3443.823,2769.414,904.608,1224.122,1520.979,1886.547,968.748,21222.908,6838.909,22643.852,1179.277,2059.667,2656.516,4584.607,974.099,8328.514,2869.171,3634.443,1026.632,6341.125,7106.793,5950.32,1009.222,19624.268,10487.908,14312.611,1165.656,36341.609,35677.723,37474.688,1324.315,18638.34,14414.018,22558.611,1318.285
5989.536,3641.253,5369.385,990.599,2090.857,2539.128,4149.2,951.755,2193.322,2204.944,3919.627,1000.888,6628.795,4347.556,5751.055,980.411,4807.352,4692.956,5004.878,1029.555,3133.045,3292.67,2896.125,928.446,4572.414,2597,2724.677,988.439,9758.139,18547.566,14634.757,1069.643,6935.641,2104,2830.259,914.121,6424.156,8391.737,8008.4,1043.669,7599.361,5021.542,13126.106,1177.026,8541.875,19370.641,9496.833,1068.346,19572.166,28290.902,25902.98,1177.671,37351.141,23483.316,27873.672,1332.304,1779.705,1819.952,2189.51,866.264,2081.143,5101.74,2317.442,801.399,1394.232,1512.667,1201.421,904.716,1555.558,2097.737,3477.085,925.297,4752.199,1374.153,1678.129,841.624,1717.653,3384.271,2763.98,896.836,1211.878,1494.083,1841.938,955.135,21115.152,6819.282,22687.42,1169.573,2092.933,2713.031,4740.036,969.509,8278.889,2848.6,3602.909,1019.229,6341.475,7203.444,5975.96,1007.057,19657.396,10514.842,14283.033,1162.863,36389.414,35600.109,37467.461,1317.266,18618.99,14445.661,22462.123,1292.1
6025.609,3614.709,5391.176,993.143,2077.447,2519.205,4108.54,943.628,2190.375,2215.389,3888.554,990.415,6552.648,4306.151,5789.445,977.2,4768.561,4747.022,4975.656,1021.94,2975.659,3267.6,2876.389,926.948,4546.4,2600.841,2740.808,983.291,9696.25,18457.268,14443.054,1068.754,6810.438,2079.479,2824.315,915.416,6462.047,8374.775,8039.438,1039.737,7721.917,4921.062,13159.833,1165.239,8490.536,19496.547,9470.741,1063.217,19689.104,28161.305,25838.93,1171.816,37234.918,23441.211,27878.729,1322.421,1795.42,1820.595,2160.572,862.057,2049.524,5073.721,2342.792,798.244,1365.286,1508.476,1180.3,898.453,1550.725,2095.045,3447.29,915.644,4803.386,1350.958,1685.257,838.316,1681.222,3513.979,2718.232,895.368,1204.092,1501.667,1850.359,947.214,21077.031,6833,22451.395,1162.03,2052.7,2654.844,4505.036,963.19,8269.723,2855.786,3591.193,1010.78,6327.725,7228.793,5898.12,1007.493,19530.984,10524.217,14184.595,1152.866,36418.469,35484.375,37437.977,1311.37,18513.053,14413.339,22510.123,1282.249
6032.082,3604.987,5416.681,988.083,2061.339,2503.885,4126.96,943.323,2197.214,2161.917,3916.1,991.451,6608.864,4312.384,5785.073,974.55,4744.132,4701.078,4948.178,1008.168,2022.148,3289.25,2874.75,928.834,4521.571,2561.235,2763.323,981.251,9554.667,18396.934,14458.135,1057.729,6823.422,2100.333,2810.694,906.483,6381.156,8310.688,7962.372,1038.225,7705.889,4926.583,13156,1163.913,8451.786,19435.938,9473.833,1046.727,19794.875,28212.639,25832.838,1166.481,37137.012,23274.221,27759,1322.51,1769.625,1847.548,2147.811,858.246,2100.397,5093.357,2315.9,797.977,1330.143,1501.254,1196.179,894.122,1552.242,2079,3459.92,911.453,4740.854,1350.083,1663.357,838.005,1666.597,3452.604,2708.798,887.513,1208.235,1515.729,1822.75,936.821,21123.895,6868.682,22598.309,1159.989,2028.833,2593.609,4392.375,958.98,8332.792,2819.514,3623.341,1000.349,6353.225,7316.524,6018.8,1002.611,19565.572,10484.691,14122.289,1154.965,36240.832,35502.457,37449.414,1308.055,18584.482,14503.536,22533.715,1264.052
6032.691,3596.911,5365.407,989.411,2090.268,2483.936,4110.52,937.49,2201.661,2147.486,3918.4,983.612,6608.284,4282.798,5828.591,968.254,4743.857,4710.855,4971.978,1003.823,2133.784,3304.55,2902.639,926.741,4460.886,2566.311,2750.626,978.331,9620.944,18269.867,14486.486,1059.085,6826,2083.604,2908.861,902.182,6445.859,8237.15,7950.59,1033.084,7745.861,4920.708,13098.326,1160.709,8530.929,19471.781,9426.833,1049.217,19749.021,28221.902,25791.051,1157.737,37113.293,23325.461,27822.586,1306.893,1752.693,1781.714,2151.214,853.458,2076.857,5078.188,2303.983,798.267,1339.821,1501.365,1179.6,891.407,1557.967,2077.821,3450.286,906.211,4734.474,1351.417,1660.671,833.1,1666.194,3406.219,2726.919,884.449,1209,1484.812,1805.781,930.291,20990.092,6787.518,22356.346,1151.848,2042.9,2643.578,4201.607,958.152,8218.292,2821.129,3551.886,994.325,6312.95,7383.492,5924.56,997.137,19524.859,10403.2,14190.967,1150.168,36240.414,35433.07,37385.887,1299.841,18491.982,14420.679,22332.367,1258.538
6032.437,3612.443,5360.286,989.638,2073.786,2499.821,4119.61,934.004,2182.197,2095.042,3888.446,977.007,6563.42,4336.01,5784.6,965.548,4759.154,4750.778,4960.755,998.325,1674.318,3285.39,2893.917,927.326,4493.2,2532.22,2759.202,974.389,9512.473,18290.666,14368.378,1057.681,6721.578,2075.875,2834.583,899.303,6425.562,8212.162,7934.771,1029.165,7652.75,4888.146,13131.841,1152.539,8435.196,19459.422,9410.574,1040.562,19657.459,28221.916,25828.242,1158.441,36989.523,23144.02,27716.586,1311.851,1738.75,1836.357,2155.572,854.588,2076.349,5068.948,2284.65,795.553,1336.482,1504.937,1168.707,887.971,1553.5,2074.833,3442.237,902.345,4756.088,1352.361,1665.7,833.615,1688.889,3374.635,2726.394,882.064,1220.194,1486.312,1784.047,931.5,20985.758,6773.718,22384,1142.781,2055.733,2639.219,4349,949.585,8297.236,2763.428,3551.795,990.725,6370.65,7391.429,5839.64,1000.343,19489.074,10463.458,14066.9,1147.894,36208.973,35513.984,37420.574,1297.161,18397.812,14436.589,22355.592,1248.903
6024.664,3573.544,5397.945,988.867,2082.089,2488.154,4120.82,930.18,2152.928,2093.292,3916.3,978.578,6580.625,4265.586,5790.246,962.411,4767.121,4738.7,4967.167,990.07,1566.159,3281.15,2878.431,925.217,4456.943,2561.924,2729.212,970.808,9467.444,18311.533,14350.892,1051.781,6840.953,2098.958,2818.926,901.455,6414.484,8179.425,7869.029,1026.277,7608.278,4932.146,13129.728,1146.859,8389.107,19333.281,9331.277,1033.935,19789.166,28289.791,25793.838,1161.397,36931.223,23054.934,27651.572,1308.233,1749.591,1821.071,2139.326,847.31,2048.873,5079.169,2295.192,793.196,1328.875,1467.841,1168.321,884.716,1547.783,2077.333,3440.295,898.653,4737.409,1324.458,1653.343,831.384,1674.514,3412.323,2706.788,880.28,1199.969,1459.729,1828.875,924.222,20978.666,6771.164,22452.58,1138.882,2066.3,2727.078,4273.786,947.258,8206.069,2734.572,3525.193,987.644,6353.25,7410.952,5837.52,1000.475,19470.428,10450.05,14133.265,1147.27,36218.855,35489.875,37441.211,1291.784,18385.402,14305.464,22285.449,1241.826
6038.336,3593.861,5280.286,987.996,2050.428,2507.59,4115.51,933.616,2127.661,2097.931,3869.018,977.728,6644.466,4305.636,5807.209,960.649,4779.736,4680.656,4944.9,989.73,1503.08,3301.77,2888.611,925.194,4433.414,2556.924,2709.384,968.636,9460.806,18312.566,14374.973,1050.825,6867.531,2041.771,2827.75,895.157,6429.969,8183.388,7857.848,1023.704,7472,4887.333,12982.984,1138.155,8291.696,19208.203,9311.963,1036.326,19739.709,28134.389,25788.414,1148.924,36809.141,23022.75,27540.943,1311.286,1762.239,1816.571,2143.337,846.616,2058.492,5056.825,2270.192,794,1314.75,1489.127,1147.2,885.897,1540.108,2089.91,3444.928,898.331,4746.924,1309.444,1678.614,831.63,1671.139,3371.469,2750.788,876.664,1202.082,1474.208,1812.266,925.798,20939.834,6750.636,22363.408,1137.721,2060.133,2761.266,4082.428,947.19,8154.528,2750.471,3549.284,985.884,6313.375,7402.127,5822.88,998.947,19412.207,10365.7,13996.272,1144.137,36210.742,35346.125,37431.336,1281.793,18329.58,14273.696,22323.123,1233.511
6040.164,3549.203,5327.154,979.319,2021.161,2472.308,4083.43,929.26,2183.607,2047.292,3827.982,968.005,6603.08,4314.768,5820.736,962.502,4734.956,4666.044,4923.522,989.514,1459.591,3268.9,2905.681,925.126,4490.829,2579.091,2706.626,975.851,9378.027,18100.367,14319.459,1047.492,6781.016,2083.375,2797.13,897.154,6403.75,8166.538,7853.543,1024.405,7578.722,4865.75,13085.766,1139.871,8454.768,19076.812,9235.314,1031.507,19725.479,28307.666,25919.414,1149.586,36849.223,22952.01,27441.857,1298.202,1729.523,1763.714,2105.536,843.784,2062.683,5011.286,2288.933,792.016,1295.821,1478,1158.414,883.888,1560.5,2100.545,3431.107,896.144,4721.965,1327.972,1677.071,831.606,1646.458,3390.25,2724.152,877.562,1210.49,1466.771,1815.188,922.755,20917.984,6762.273,22214.803,1131.993,2005.833,2739.797,4143.75,941.885,8281.389,2684.786,3532.375,983.294,6415.325,7494.714,5854.56,999.116,19395.338,10416.4,13985.859,1140.409,36166.297,35340.168,37429.613,1283.818,18234.285,14268.268,22118.715,1226.652
6039.291,3531.481,5334.077,979.554,2043.143,2504.385,4040.75,929.09,2130.786,2068.556,3902.891,967.453,6585.875,4247.313,5740.627,959.964,4709.439,4650.333,4954.933,983.903,1451.545,3264.34,2886.458,924.476,4489.971,2543.705,2732.111,968.543,9326.833,18144.699,14224.271,1044.334,6776.5,2058.667,2772.62,896.347,6420.375,8172.263,7823.962,1025.54,7554.861,4880.083,13011.53,1134.061,8425.161,19056.625,9211.741,1039.109,19652.271,28260.945,25719.646,1158.136,36749.09,22928.529,27420.129,1296.869,1740.511,1800.405,2128.648,844.928,2070.365,5024.532,2297.583,793.927,1280.286,1469.952,1154.329,884.454,1546.233,2072.147,3463.643,893.461,4719.351,1319.806,1658.929,827.658,1676.042,3379.562,2713.687,873.819,1187.184,1417.688,1795.391,919.97,20821.166,6839.136,22308.777,1127.508,1997.433,2696.719,4098.714,944.717,8289.042,2759.657,3471.955,980.594,6351.625,7438.159,5827.72,996.892,19346.965,10293.783,13963.537,1142.197,36122.703,35322.473,37343.363,1278.81,18329.865,14283.179,22167.307,1222.605
5984.309,3532.291,5295.769,981.05,2049.072,2509.731,4058.58,929.493,2157.518,2014.986,3893.164,964.716,6582.932,4313.505,5767.246,962.075,4743.176,4664.145,4912.556,985.611,2810.716,3273.84,2873.597,921.548,4527.686,2550.5,2786.182,964.273,9380.277,18102.334,14113.514,1042.228,6786.75,2079.271,2751.741,893.936,6448.516,8150.888,7839.838,1018.445,7598.722,4879.292,13047.766,1130.936,8421.732,19241.531,9259.277,1031.281,19461.584,28251.973,25736.191,1153.867,36641.141,22833.605,27372.5,1291.705,1716.034,1783.524,2124.556,842.642,2037.587,5043.331,2300.617,791.338,1294.268,1474.524,1137.907,885.337,1533.558,2069.289,3441.085,893.227,4721.269,1310.569,1665,827.354,1681.167,3368.302,2726.252,874.079,1206.643,1435.958,1792.562,918.032,20899.137,6715.227,22121.334,1123.169,2004.633,2696.578,3788.125,946.543,8258.875,2705.371,3487.659,973.224,6385.225,7508.365,5920.68,995.715,19269.953,10352.783,13866.198,1139.005,35989.988,35429.707,37366.887,1274.798,18201.402,14251.768,22059.49,1216.812
6038.691,3568.886,5291.802,976.294,2036.143,2501.872,4045.37,922.286,2152.107,1977.75,3853.873,958.216,6630.92,4288.95,5798.655,956.587,4765.121,4621.611,4929.489,981.911,2971.659,3268.52,2881.069,920.581,4451.086,2521.227,2772.646,970.144,9406.723,17965.4,14168.811,1033.964,6800.922,2093.875,2778.685,892.906,6428.188,8121.225,7808.933,1020.114,7640.778,4835.021,13041.106,1130.666,8318.839,19169.562,9307.463,1033.688,19674.979,28226.305,25684.344,1150.17,36556.395,22769.816,27262.271,1302.311,1681.557,1778.31,2114.877,840.003,2063.889,5034.02,2273.717,794.157,1295.054,1503.952,1132.757,883.719,1534.358,2076.25,3426.75,893.114,4684.187,1326.792,1668.157,827.106,1656.625,3401.26,2697.293,870.729,1176.173,1459.354,1781.422,915.659,20745.787,6686.482,22121.852,1118.014,2034.267,2648.812,3821.018,943.374,8252.402,2711.643,3471.114,974.024,6370.9,7497.413,5839.04,995.242,19303.283,10342.434,13833.959,1139.481,36014.754,35325.484,37412.023,1273.339,18123.178,14301.214,22165.203,1212.608
5990.563,3516.215,5324.099,973.092,2039.5,2432.295,4066.13,922.457,2135.822,1989.014,3844.146,956.289,6591.761,4294.586,5768.973,956.633,4677.934,4677.622,4894.078,983.29,2898.136,3239.79,2895.75,922.747,4489.143,2518.477,2742.394,973.284,9292.694,17996.666,14077.271,1035.152,6772.641,2056.542,2781.037,891.406,6395.234,8100.25,7744.952,1015.007,7552.722,4792.146,13052.22,1126.398,8323.232,19147.188,9223.296,1033.173,19694.896,28215.375,25732.363,1147.217,36452.898,22634.27,27194.814,1296.044,1737.409,1760.31,2113.883,837.905,2021,5000.5,2244.267,794.383,1290.321,1485.698,1144.414,882.98,1536.933,2065.756,3431.428,890.156,4683.023,1325.319,1675.643,825.661,1683.125,3446.281,2749.99,867.112,1194.163,1446.875,1788.391,915.288,20858.592,6646.273,22019.1,1118.557,1981.9,2582.5,3822.036,941.9,8179.208,2654.1,3423.727,974.922,6382.05,7545.476,5876.04,995.042,19256.346,10295.983,13844.148,1140.302,35838.039,35254.707,37450.148,1261.16,18096.152,14254.393,22152.449,1207.39
5969.773,3540.468,5305.143,973.657,2033.411,2482.59,4052.56,920.037,2099.482,1972.222,3885.691,954.092,6624.943,4252.414,5789.918,952.074,4666.923,4643.078,4883.745,982.043,2846.943,3283.68,2864.722,918.802,4448.343,2579.386,2781.818,965.425,9335.973,17893.232,14030.865,1036.369,6773.469,2032.812,2813.722,890.592,6273.984,8021.812,7795.41,1016.547,7486.639,4831.958,12957.811,1119.993,8302.411,18990.875,9226.259,1040.718,19662.396,28275.639,25605.506,1155.854,36414.758,22546.895,27198.758,1293.001,1704.068,1750,2119.765,836.221,2036.429,4998.961,2276.083,793.938,1270.857,1484.333,1130.321,883.702,1518.1,2065.321,3413.728,890.75,4718.193,1318.139,1650.329,826.542,1655.639,3415.74,2693.141,865.544,1169.52,1438.5,1743.594,912.018,20796.561,6603.955,22061.223,1112.415,2030.333,2653.125,3886.661,941.661,8190.597,2674.986,3447.375,973.198,6334.875,7464.048,5805.36,993.765,19198.713,10276.975,13778.852,1131.154,35748.508,35232.07,37469.676,1262.754,18053.375,14207.964,22081.348,1203.445
5985.864,3510.051,5277.198,968.801,2040.946,2456.256,4065.24,919.178,2159.768,1969.236,3837.682,952.414,6564.045,4300.495,5736.254,955.041,4697.385,4664.422,4925.944,981.39,2803.875,3280.49,2861.153,924.897,4526.757,2542.402,2738.707,964.571,9292.277,17840.934,13905.486,1032.637,6711.953,2050.479,2734.778,886.616,6323.312,8040.737,7778.495,1009.582,7465.194,4788.396,12972.811,1125.214,8239.625,18915.516,9203.241,1036.621,19645.062,28194.014,25683.242,1155.333,36286.598,22547.635,27045.758,1294.466,1716.341,1705.881,2103.934,836.674,2025.587,5016.188,2267.792,792.865,1257.5,1481.762,1142.707,886.348,1530.808,2059.622,3440.848,889.323,4723.959,1293.292,1649.357,823.188,1647.292,3393.979,2699.344,867.496,1188.745,1483.292,1761.953,910.603,20880.287,6621.955,21959.445,1110.624,1976.433,2632.984,4040.286,941.034,8223.833,2668.757,3463.864,975.036,6337.375,7631.048,5883.44,992.742,19213.059,10228.559,13694.223,1132.185,35802.91,35263.207,37429.102,1261.481,18052.527,14238.821,22088.367,1199.917
5998.536,3491.646,5255.341,973.425,2042.786,2494.346,4054.74,915.535,2176.732,1967.083,3831.573,946.666,6682.466,4302.212,5776.2,953.556,4723.154,4615.956,4877.967,980.033,2088.761,3254.62,2855.208,917.515,4476.4,2551.629,2766.869,963.655,9223.417,17834.666,13962.865,1029.498,6847.562,2045.396,2762.991,886.872,6292,8084.237,7756.638,1012.972,7511.25,4802.75,13039.788,1120.479,8276.107,18897.047,9128.407,1035.488,19537.875,28191.82,25841.516,1150.926,36284.445,22401.809,27040.914,1292.854,1697.568,1762.429,2094.725,840.389,2039.365,4999.909,2277.367,791.011,1250.696,1496.682,1112.157,883.038,1504.217,2056.929,3449.085,886.493,4694.725,1304.833,1643.214,819.373,1650.361,3377.156,2736.202,866.162,1169.122,1433.5,1774.391,910.01,20685.621,6587.955,21858.1,1107.371,2017.967,2526.969,4040.661,934.163,8169.903,2645.329,3451.614,971.598,6311.45,7594.619,5858.28,993.702,19160.365,10269.033,13660.611,1128.153,35630.375,35219.375,37457.461,1258.598,17941.035,14114.964,21918.551,1203.084
5976.646,3487.481,5252.385,967.456,2010.268,2459.397,4046.3,916.256,2151.839,1889.5,3820.255,946.959,6613.591,4251.283,5792.127,947.16,4710.385,4605.967,4932.111,986.58,2165.295,3256.53,2880.819,914.561,4467,2556.553,2761.697,966.682,9169.056,17828.934,13906.352,1028.818,6740.109,2054.375,2800.546,882.063,6280.031,8014.712,7809.095,1011.378,7339.806,4793.396,12924.818,1118.456,8217.554,18795.406,9112.444,1041.96,19627.375,28197.973,25660.908,1142.957,36085.102,22377.414,26983.557,1301.791,1713.193,1739.238,2079.117,837.617,2021.571,4984.351,2261.808,793.904,1251.196,1499.873,1134.45,885.487,1515.592,2068.353,3456.545,890.093,4714.918,1304.944,1634.157,821.991,1642.875,3358.271,2718.384,861.81,1182.367,1453.958,1759.141,907.654,20685.803,6595.864,21969.666,1105.619,2015.6,2605.5,4100.071,935.144,8251.75,2647.443,3438.216,976.592,6328.05,7614.651,5895.08,987.852,19155.133,10313.575,13688.719,1126.701,35706.145,35197,37485.988,1259.442,17910.053,14264.357,22012.225,1195.23
6013.955,3535.266,5292.231,966.624,2068.607,2429.385,4035.43,912.708,2111.857,1932.042,3801.964,945.434,6698.92,4295.323,5802.827,949.292,4731.539,4647.233,4892.556,980.07,1675.341,3268.43,2845.431,913.941,4447.914,2549.917,2741.071,960.815,9251.833,17704.166,13849.135,1026.417,6789.281,2037.812,2735.62,881.923,6279.859,7986.438,7743.429,1009.742,7510,4714.854,12935.962,1114.185,8157.589,18946.234,9071.537,1034.581,19582.791,28180.805,25610.525,1144.53,36076.504,22340.309,27009.557,1296.376,1676.068,1718.024,2092.377,837.256,2036.952,4997.559,2264.492,789.51,1250.786,1494.73,1118.85,883.339,1525.308,2063.109,3442.406,887.175,4668.643,1313.417,1642.214,820.018,1634.625,3368.042,2694.667,859.89,1180.878,1434.417,1751.406,908.349,20637.227,6528.609,21887.1,1099.766,2016.833,2571.516,4086.482,933.015,8156.083,2608.7,3449.909,972.231,6339.175,7636.095,5844.88,990.008,19096.23,10245.267,13651.396,1124.272,35571.258,35148.695,37372.023,1254.056,17936.688,14211.661,21893.389,1194.771
5982.736,3495.139,5217.846,963.979,2036.268,2455.885,4029.33,912.676,2106,1900.944,3823.927,942.901,6604.545,4328.616,5792.918,947.643,4691.319,4628.722,4924.689,983.023,2084.409,3294.8,2867.694,911.864,4457.429,2569.939,2742.818,964.214,9310.306,17617.699,13893.189,1027.091,6738.25,2013.167,2749.787,882.634,6294.703,7971.712,7703.619,1004.433,7436.139,4816.958,12940.341,1110.918,8116.5,18859.031,9053.852,1040.054,19584.834,28215.527,25525.678,1145.36,35918.656,22258.645,26763.057,1301.39,1694.409,1746.262,2063.541,834.196,2038.111,5006.338,2257.833,794.29,1248.411,1498.302,1130.014,882.187,1514.992,2083.526,3455.888,888.746,4692.994,1301.389,1677.729,824.292,1653.625,3332.688,2700.455,859.34,1182.663,1436.375,1762.938,906.804,20581.908,6491.673,21866.246,1098.225,2042.867,2582.016,4082.339,935.381,8131.25,2623.343,3458.364,973.729,6305.4,7555.19,5721.32,985.427,19105.172,10260.408,13616.157,1122.702,35482.184,35232.266,37368.812,1252.03,17767.107,14151.661,21877.756,1198.141
5943.082,3475,5255.407,960.043,2037.893,2428.833,4050.03,910.398,2099.214,1889.264,3879.336,940.421,6621.318,4291.404,5766.063,945.297,4693.868,4622.667,4912.711,980.269,2216.466,3237.62,2874.958,913.01,4509.986,2568.788,2745.475,961.994,9212.027,17740.334,13864.919,1025.16,6760.047,2018.042,2747.639,880.538,6312.094,7920.6,7625.543,1008.459,7530.75,4831.312,12883.349,1111.607,8167.143,18732.953,9072.426,1036.713,19669.834,28215.195,25572.182,1142.02,35961.293,22125.836,26776.486,1296.194,1706,1745.262,2077.225,837.103,2019.968,5019.721,2294.008,792.13,1227.375,1492.254,1123.807,879.559,1498.392,2050.461,3468.478,887.118,4700.936,1311.569,1635.086,820.124,1654.514,3384.875,2715.273,857.045,1173.837,1432.375,1790.297,906.384,20494.605,6436.591,21732.049,1093.776,2007.867,2649.109,4202.232,930.272,8235.681,2632.957,3461.659,974.326,6365.175,7609,5647.84,984.13,19050.223,10261.608,13590.363,1120.796,35477.312,35180.418,37382.262,1245.086,17698.697,14141.518,21953.389,1197.919
5973.6,3447.139,5252.703,962.358,2013.089,2457.833,4068.96,909.155,2137.803,1897.75,3832.745,943.164,6595.091,4283.252,5783.209,945.813,4696.417,4574.056,4912.622,982.8,1654.955,3293.12,2886.861,911.963,4495.757,2578.356,2721.758,958.887,9228.167,17508.633,13745.486,1025.608,6736.719,2015.271,2756.519,883.161,6316.125,7963.75,7696.486,1001.576,7451.889,4760.771,12843.333,1108.24,8149.286,18714.375,9068.37,1039.359,19476.521,28153.902,25454.02,1143.069,35765.426,22023.24,26725.857,1296.15,1693.943,1713.976,2068.056,839.313,2028.794,4963.909,2265.033,793.815,1248.821,1446.19,1116.793,880.44,1522.467,2055.647,3447.299,883.674,4709.047,1292.153,1646.929,820.837,1634.653,3333.062,2718.818,859.569,1184.939,1419.375,1750.562,904.447,20510.895,6385.563,21746.938,1096.176,1994.633,2634.094,4115.554,930.802,8174.806,2623.786,3436.557,975.541,6365.3,7593.714,5787.12,987.442,19052.754,10171.241,13620.496,1118.632,35391.156,35185.945,37403.387,1243.886,17701.982,13989.643,21872.652,1190.725
6044.918,3466.316,5207.187,956.056,1993.625,2472.321,4020.96,908.753,2090.447,1883.833,3825.236,944.046,6646.693,4257.858,5792.045,941.906,4712.066,4604.867,4917.367,985.733,1491.648,3296.88,2884.611,907.83,4459.157,2551.318,2744.869,955.371,9208.806,17564.801,13832.271,1024.764,6734.188,2029.438,2744.111,878.034,6297.469,7874.85,7624.705,999.251,7465.917,4676.292,12840.734,1107.377,8124.286,18725.328,9010.352,1035.264,19603.896,28114.084,25565.041,1145.426,35762.211,21984.25,26683.885,1301.224,1665.307,1734.738,2066.536,837.147,2003.302,5003.02,2274.433,790.518,1247.071,1463.825,1116.229,875.347,1524.758,2040.84,3459.268,881.959,4689.316,1314.347,1666.257,820.709,1653.264,3349.26,2714.303,855.259,1173.571,1452.083,1779.375,901.15,20504.773,6394.009,21634.445,1089.357,1999.9,2731.141,3938.125,927.742,8203.833,2597.586,3440.477,975.868,6371.225,7736.333,5750.76,982.784,19005.502,10156.525,13542.405,1119.597,35292.336,35059.207,37309.488,1247.055,17567.518,14117.768,21930.02,1191.693
5984.082,3437.962,5253.703,954.735,1995.214,2454.051,4006.09,902.216,2090.411,1862.083,3821.909,942.341,6540.182,4317.121,5772.227,938.711,4704.066,4630.511,4916.267,987.349,2182.216,3242.55,2859.903,907.575,4509.686,2564.909,2717.273,960.657,9185.223,17613.1,13747.892,1025.169,6682.391,2020.958,2735.528,882.487,6290.359,7894.2,7615.4,1002.876,7341.167,4725.979,12830.296,1105.427,8132.446,18653.719,9005.463,1033.84,19669.666,28135.041,25468.525,1144.057,35606.496,21881.211,26462.957,1292.405,1683.216,1726.738,2088.954,838.762,1997.778,4947.552,2242.333,790.387,1216.839,1460.952,1109.871,874.233,1514.767,2050.006,3458.147,880.033,4698.678,1307.819,1620.729,814.364,1630.875,3328.906,2705.586,854.791,1180.408,1424.042,1774.297,901.936,20390.092,6397.982,21654.963,1093.716,1993.833,2734.328,3977.607,927.235,8145.542,2618.072,3444.795,975.119,6483.55,7698.27,5763.44,984.508,19041.871,10101.5,13447.265,1117.383,35132.207,35130.766,37230.125,1239.754,17575.678,14144.679,21884.551,1197.705
5972.155,3466.709,5242.121,956.646,1983.536,2469.641,4094.51,906.195,2133.25,1862.361,3836.736,943.484,6583.068,4300.879,5792.7,938.426,4744.242,4619.478,4908.911,985.475,2144.091,3287.8,2854.208,909.682,4488.872,2555.636,2723.788,949.769,9157.527,17442.033,13835.352,1022.223,6731.562,1994.083,2749.722,878.341,6277.156,7946.288,7639.724,1002.179,7447.333,4742.333,12822.008,1104.241,8153.179,18609.141,8956.833,1034.502,19782.979,28131.166,25350.697,1138.249,35536.988,21849.961,26477.6,1281.761,1699.693,1722.19,2071.832,838.251,2015.651,4923.506,2251.858,791.583,1247.268,1481.905,1118.986,868.03,1508.95,2047.506,3428.125,879.531,4706.076,1302,1653.643,816.914,1634.958,3328.219,2692.626,854.247,1187.867,1429.354,1798.797,901.805,20361.955,6420.264,21629.012,1089.786,1998.967,2697.281,3841.072,923.88,8137.972,2576.471,3427.591,975.302,6303.4,7701.095,5672,981.249,18932,10155.658,13497.322,1116.077,35058.871,35013.793,37242.086,1234.72,17595.402,14086.071,21904.082,1193.152
5980.136,3465.177,5212.824,949.85,2027.268,2425,4021.05,902.675,2132.268,1834.458,3852.354,941.564,6608.716,4241.313,5802.445,939.207,4752.22,4627.089,4953.8,986.053,1587.091,3291.26,2863.917,907.438,4489.771,2555.939,2723.566,949.957,9122.806,17445.268,13687.108,1023.939,6706.062,2005.583,2753.713,876.434,6216.719,7862.25,7572.209,1002.42,7398.861,4663.438,12820.682,1103.159,7997.125,18597.156,8993.926,1036.766,19498.562,28079.139,25470.252,1139.301,35523.746,21742.73,26446.514,1287.638,1680.318,1683.881,2072.801,834.235,2002.984,4941.48,2267.358,792.374,1195.946,1444.286,1091.85,865.361,1503.7,2061.686,3415.915,878.004,4700.603,1299.125,1658.529,813.975,1666.375,3339.021,2689.505,855.547,1168.378,1448.375,1754.594,899.856,20218.076,6403.136,21588.123,1083.161,2021.7,2644.531,3955.393,920.922,8109.611,2593.614,3398.614,976.022,6412.375,7691.413,5712.44,977.855,18930.588,10173.042,13416.843,1117.697,34920.648,35073.484,37246.102,1235.199,17502.928,14018.714,21906.775,1195.555
5969.155,3417.532,5202.033,951.512,1988.75,2419.346,4018.06,903.357,2106.572,1853.056,3855.282,947.011,6576.227,4244.404,5744.964,936.79,4691.703,4587.067,4939.889,989.826,1474.182,3257.14,2839.764,904.313,4459.957,2539.97,2715.798,948.438,9032.667,17290.834,13531.027,1025.021,6772.031,1973.917,2725.046,877.052,6190.125,7867.538,7595.238,1003.615,7346.667,4727.188,12815.439,1099.411,8099.75,18506.859,8998.056,1032.456,19660.938,28052.18,25445.475,1139.117,35451.109,21731.779,26335.729,1269.244,1689.557,1737.738,2062.439,838.185,1996.254,4928.338,2272.608,790.338,1220.429,1451.222,1095.479,865.555,1491.892,2056.737,3424.567,876.979,4692.585,1261.083,1646.143,815.558,1631.486,3298.406,2662.838,852.972,1177.99,1428.5,1726.375,896.624,20318.287,6386.455,21552.863,1083.84,1939.467,2599.656,3899.322,922.625,8099.889,2605.986,3425.989,969.705,6460.725,7740.619,5690.32,976.999,18884.475,10146.559,13363.207,1108.985,34815.234,35018.793,37238.586,1223.368,17447.232,13937.929,21693.693,1189.686
5959,3413.734,5232.066,950.782,2006.732,2427.756,4040.48,900.317,2122.928,1850.292,3860.391,949.43,6588.636,4276.677,5741.509,932.888,4703.934,4616.233,4946.389,985.865,2094.83,3272.95,2873.736,906.995,4461.029,2556.333,2723.758,945.097,9081.806,17366.133,13515.946,1022.908,6678.359,2008.5,2736.574,878.852,6233.781,7839.575,7504.686,1004.345,7432.361,4663.833,12824.129,1096.351,8023.143,18692.562,8910.963,1035.347,19552.438,28017.236,25500.162,1139.207,35343.77,21633.201,26183.457,1271.559,1685.489,1815.881,2062.556,838.996,1998.524,4919.461,2269.75,792.114,1216.982,1472.571,1092.679,861.795,1492.708,2034.103,3470.384,876.885,4682.509,1307.264,1637.343,817.106,1659.139,3325.333,2672.384,852.477,1192.959,1433.208,1754.672,902.398,20266.105,6351.5,21437.543,1081.392,1974.167,2655.328,3752.339,918.847,8129.306,2600.928,3384.886,971.887,6417.225,7788.476,5710.96,975.731,18846.385,10082.875,13357.438,1112.157,34762.777,35054.543,37353.414,1224.794,17317.045,14008.75,21839.449,1191.955
5980.809,3431.329,5163.231,947.728,2021.018,2406.397,4004.34,898.649,2153.303,1830.792,3868.545,950.391,6605.489,4257.02,5790.427,930.661,4676.044,4600.911,4911.645,987.292,1731.205,3263.93,2822.625,904.916,4486.986,2532.227,2733.859,950.971,9154.917,17228.166,13495.541,1019.78,6709.703,2018.562,2716.37,875.517,6214.328,7896.675,7548.01,1000.483,7366.75,4675.25,12752.462,1097.754,8032.679,18729.547,8905.333,1028.758,19550.979,27997.361,25514.201,1143.22,35231.656,21622.115,26200.199,1268.69,1673.227,1716.976,2066.076,833.344,2032.73,4892.753,2236.683,788.825,1196.446,1423.222,1092.864,857.823,1495.008,2066.147,3447.388,875.301,4662.433,1317.25,1648.586,812.462,1648.958,3331.875,2718.687,850.673,1183.5,1403.062,1725.422,896.321,20232.713,6335.045,21430.357,1079.7,1992,2617.938,3716.072,918.842,8053.375,2564.557,3379.33,973.613,6344.8,7773.603,5638.6,974.67,18822.031,10077.233,13366.289,1112.026,34675,35023.766,37318.699,1223.369,17377.678,13922.232,21796.061,1188.313
5990.627,3389.152,5229.923,950.728,2005.661,2452.321,4017.97,897.669,2110.303,1813.764,3867.891,953.994,6561.841,4218.05,5766.1,930.77,4677.429,4539.8,4960.056,986.943,1964.375,3291.78,2829.708,905.84,4460.229,2520.205,2746.626,938.519,9050.75,17317.334,13488.189,1024.666,6721.016,1996.646,2732.25,877.213,6223.859,7849.525,7562.095,1001.241,7392.667,4636.396,12745.303,1095.03,7989.054,18555.438,8909.537,1030.056,19638.209,28107.889,25474.172,1138.101,35205.98,21547.289,26098.357,1265.32,1669.898,1729.524,2093.332,838.01,2010.159,4895.636,2256.675,791.242,1202.339,1418.19,1095.236,856.858,1510.933,2051.679,3444.415,876.162,4695.532,1295.597,1642.029,813.536,1644.333,3380.823,2688.808,851.274,1164.449,1446.229,1736.094,898.577,20096.879,6322.664,21387.012,1077.356,2024.967,2656.672,3744.893,916.699,8055.625,2579.186,3350.545,968.185,6370.15,7864.54,5768.16,970.687,18754.008,10084.691,13283.256,1112.029,34505.234,35130.902,37387.125,1218.362,17255.01,13965.411,21635.164,1194.605
5938.6,3400.76,5196.714,948.957,2007.161,2455.474,4033.69,897.921,2124.786,1840.944,3892.491,955.42,6627.42,4270.697,5763,925.306,4657.549,4623.311,4935.755,987.121,1530.33,3273.62,2818.931,909.091,4447.757,2552.008,2719.04,940.67,9037.639,17190.967,13416.324,1023.784,6625.188,1987.792,2713.75,871.041,6179.5,7801.775,7547.914,1002.059,7349.667,4604.438,12772.197,1091.219,7911.107,18578.203,8862.796,1020.093,19624.166,28088.111,25442.484,1141.673,35134.082,21485.865,26198.844,1265.811,1703.511,1760.31,2077.041,834.675,2003.048,4917.039,2259.142,789.251,1182,1438.111,1077.393,857.463,1506.367,2057.974,3442.42,874.005,4701.836,1298.403,1667.943,814.698,1650.458,3361.927,2678.697,851.047,1165.602,1420.583,1768.5,900.888,20111.787,6350.536,21287.754,1078.968,1952.033,2718.906,3769.393,917.61,8139.5,2573.986,3392.125,969.464,6467.85,7778.524,5721.76,971.126,18784.424,10065.434,13312.405,1109.38,34416.246,34983.027,37326.586,1222.685,17211.365,13924.232,21744.49,1193.411
5950.955,3375.494,5170.385,947.644,1982.25,2424.974,3990.51,897.434,2099.964,1833.389,3873.191,953.467,6544.023,4231.677,5800.773,925.624,4683.505,4636.722,4968.167,988.684,1427.841,3265.78,2845.056,906.193,4455.872,2545.758,2710.838,937.229,9079.056,17224.5,13520.514,1022.276,6703.469,1968.708,2700.296,873.565,6201.531,7773.325,7467.705,993.678,7277.639,4597.979,12776.879,1091.591,7988.125,18280.328,8884.277,1023.401,19737.084,27913.584,25411.93,1150.564,34960.16,21460.125,26168.301,1251.005,1679.409,1684.595,2077.969,837.758,1992.429,4910.221,2230.967,790.485,1187.393,1469.81,1071.593,854.991,1517.242,2056.532,3437.732,872.186,4681.801,1302.736,1631.9,812.224,1650.972,3361.615,2684.748,852.051,1170.561,1438.375,1767.891,894.29,20044.484,6298.127,21347.1,1078.693,1971.033,2801.609,3729.5,917.287,8112.833,2551.743,3366.784,968.544,6423.3,7794.302,5685.84,969.595,18732.109,10039.725,13210.9,1115.037,34416.688,34958.195,37222.812,1217.659,17133.938,14005.679,21515.102,1193.36
6010.909,3409.582,5174.33,945.317,1979.643,2392.5,4039.68,895.147,2116.982,1811.972,3862.564,955.488,6604.386,4253.232,5778.373,923.062,4681.923,4566.156,4970.889,992.845,2834.17,3234.42,2821.542,903.962,4477.414,2530.992,2742.899,935.884,8858.333,17212.666,13378.297,1018.833,6622.984,1990.479,2717.361,882.249,6232.078,7845.7,7462.762,998.533,7234.639,4632.958,12724.371,1089.163,7858.232,18491.359,8868.223,1022.717,19666.854,27923.723,25420.414,1141.036,34970.363,21261.174,25948.857,1256.021,1673.75,1710.69,2064.725,838.846,1988.063,4873.312,2242.917,789.043,1198.446,1415.032,1062.05,852.295,1498.125,2053.955,3436.411,874.545,4671.877,1302.639,1623.757,813.453,1623.444,3334.583,2695.273,849.846,1177.857,1416.375,1773.875,897.391,20010.879,6262.055,21222.037,1078.54,2000.5,2795.422,3719.375,913.082,8055.889,2570.629,3350.966,963.499,6460.9,7866.349,5661.6,967.438,18689.137,10023.325,13236.314,1111.811,34206.531,34940.848,37260.211,1218.495,17098.045,13844.589,21680.797,1192.24
5948.218,3395.506,5160.78,943.991,1995.196,2404.679,3995.44,890.396,2116.143,1811.25,3841.964,953.874,6608.568,4284.02,5753.118,919.619,4691.407,4586.211,4961.755,993.59,2375.295,3256.92,2828.931,912.513,4488.014,2524.667,2705.051,932.522,9018.639,17253.367,13405.459,1018.01,6661.5,1986.896,2706.389,876.177,6184.484,7851.175,7459.876,1002.038,7291.667,4640.062,12737.47,1082.514,7940.821,18317.672,8790.407,1019.918,19611.729,28021.527,25358.363,1138.784,34782.109,21195.309,25798,1244.167,1672.523,1719.571,2070.837,839.048,1983.111,4907.364,2240.467,788.414,1142.518,1434.698,1076.271,851.529,1486.492,2035.519,3446.031,871.856,4678.041,1293.042,1643.571,812.635,1659.25,3305.198,2722.364,851.83,1181.663,1395.125,1758.688,892.899,19967.484,6252.682,21131.111,1075.701,1960.633,2840.578,3927.822,910.555,8051.111,2546.714,3343.057,964.656,6420.325,7807.778,5655.4,969.551,18688.984,10016.116,13233.852,1108.965,34067.547,34836.793,37189.613,1214.245,17042.982,13787.357,21609.592,1193.471
5958.155,3390.089,5179.67,944.001,2007.339,2404.41,3964.36,891.394,2096.678,1804.389,3830.482,956.815,6638.727,4210.364,5771.646,918.65,4656.165,4546,4958.611,994.435,2144.602,3256.41,2830.417,905.759,4454.8,2525.955,2732.808,930.8,8854.277,16970.6,13452.703,1020.436,6659.891,1999.354,2689.741,874.868,6209.562,7812.275,7441.143,999.561,7239.444,4687.854,12677.333,1083.92,7920.589,18070.953,8814.667,1017.704,19624.146,27989.889,25407.566,1135.814,34835.152,21201.49,25859.943,1239.83,1673.591,1747.5,2046.816,836.918,1980.349,4930.727,2241.35,786.294,1197.536,1426.397,1075.914,851.227,1481.117,2068.519,3454.058,874.21,4671.246,1294.431,1643.9,812.807,1666.639,3341.656,2742.566,851.971,1168.071,1442.479,1740.812,895.981,19941.5,6248.418,21100.32,1078.013,1973.133,2848.156,3853.214,909.197,8051.722,2565.957,3331.875,965.878,6365.025,7885.571,5704.88,969.179,18689.82,9991.475,13167.479,1111.313,34074.676,34925.68,37174.898,1205.739,16997.955,13740.143,21396.877,1189.779
5959.391,3418.126,5138.264,944.183,1993.214,2411.974,3987.32,883.477,2142.447,1784.194,3828.118,957.81,6637.352,4295.485,5755.818,915.253,4701.802,4617.8,4958.956,992.03,2254.784,3294.91,2812.222,909.645,4438.229,2523.561,2733.697,927.612,9029.083,17206.268,13304.108,1017.885,6639.516,2002.479,2725.204,874.927,6143.484,7851.562,7425.829,997.583,7319.639,4604.375,12664.038,1078.248,7861.768,18116.5,8807.463,1013.996,19606.916,27935.805,25428.615,1136.856,34680.848,20999.559,25739.043,1237.474,1655.318,1723.167,2060.311,836.27,1975.492,4882.494,2227.333,788.123,1192.089,1434.444,1076.729,848.823,1503.25,2066.026,3457.058,872.146,4673.743,1293.167,1611.771,814.403,1640.778,3324.469,2700.162,851.825,1171.48,1403.729,1792.844,895.209,19995.924,6288.063,21089.518,1077.396,1956.433,2803.344,3815.947,906.971,8072.861,2537.257,3316.807,959.486,6455.125,7866.286,5604.28,968.257,18611.176,10005.85,13147.496,1113.224,33911.586,34881.457,37195.711,1209.05,16933,13729.946,21451.775,1193.663
5959.509,3362.139,5117.33,940.382,1993.196,2426.885,3971.27,888.692,2118.197,1783.264,3834.918,955.817,6620.239,4275.465,5769.655,913.878,4703.308,4619.078,4977.378,994.531,1647.602,3268.32,2796.847,906.88,4516.671,2539.265,2728.798,923.921,8946.306,16791.801,13121.514,1016.858,6574.016,2005.521,2699.167,883.254,6203.391,7747.875,7400.724,996.104,7254.111,4669.479,12641.272,1076.374,7794.964,18302.281,8659.574,1014.787,19510.896,27924.959,25412.242,1136.746,34593.688,21110.951,25764.186,1239.266,1659.568,1752.667,2042.607,838.601,1978.238,4926.273,2201.908,786.702,1149.821,1428.635,1066.757,848.908,1487.042,2024.494,3428.75,871.051,4676.421,1293.306,1631.3,814.563,1637.569,3334,2687.525,849.733,1180.939,1403.438,1774.172,892.207,19873.969,6251.536,21011.754,1076.765,1951,2659.797,3804.322,905.699,8023.889,2540.471,3322.114,956.857,6479.3,7806.635,5556.72,962.72,18565.576,9978.184,13116.43,1113.111,33976.988,34823,37140.051,1205.292,16933.99,13816.643,21459.184,1190.092
5953.164,3354.506,5112.264,944.573,2024.429,2431.423,3903.97,885.039,2116.339,1788.583,3809.709,956.175,6636.614,4246.404,5739.646,908.214,4648.561,4579.4,5016.8,991.945,1509.068,3273.02,2830.944,909.944,4458.9,2537.364,2742.394,923.839,8983.277,16988.834,13281.595,1016.612,6662.438,1990.375,2683.935,876.207,6123.422,7804.675,7413.438,999.31,7110.528,4635.75,12571.318,1072.793,7761.464,18169.719,8671.13,1017.027,19514.375,27979.486,25343.908,1127.633,34554.445,21046.684,25565.643,1226.311,1658.045,1760.976,2062.373,839.74,1999.127,4875.909,2244.292,786.622,1171.875,1459.921,1073.664,847.45,1494.45,2055.891,3402.272,873.57,4679.234,1298.181,1638.957,813.411,1641.861,3367.406,2688.596,847.808,1156.571,1416.146,1737.219,887.098,19880.287,6228.018,21002.383,1077.943,1962.233,2675.922,3980.75,907.172,8074.472,2531.771,3265.977,957.687,6471.9,7872.492,5634.48,967.384,18583.393,9978.108,13101.645,1110.363,33788.727,34727.391,37128.812,1203.58,16850.072,13683.304,21297.836,1185.084
5971.709,3386.266,5135.978,942.3,1976.911,2388.641,3982.07,882.062,2104.089,1777.75,3862.782,956.188,6589.841,4246.263,5791.909,905.042,4648.308,4622.733,5001,990.366,1440.545,3267.85,2847.458,908.595,4470.6,2533.424,2691.495,921.851,8965.056,17040.334,13278.865,1014.152,6645.891,2003.292,2717.426,877.298,6105.719,7729.312,7411.524,992.443,7143,4561.333,12669.03,1073.31,7816.625,18238.703,8664.796,1014.534,19407.812,27911.709,25428.656,1134.44,34438.789,20911.096,25621.557,1225.442,1658.875,1737.548,2076.811,842.029,1982.921,4817.565,2220.842,785.69,1185.304,1408.587,1061.157,848.286,1508.417,2041.91,3441.665,871.386,4650.375,1315.722,1647.271,814.404,1634.319,3365.854,2721.929,846.712,1162.459,1405.875,1734.375,895.281,19684.031,6164.418,20852.643,1074.412,1980.7,2623.797,3756.839,903.724,8042.972,2510.057,3233.943,957.394,6517.55,7942.556,5568.04,966.444,18608.07,10019.017,13027.422,1113.163,33665.469,34779.402,37149.164,1203.96,16803.562,13622.357,21496.408,1193.394
5953.773,3370.823,5113.659,941.607,2027.125,2373.564,3985.21,882.798,2113.661,1750.556,3872.182,957.779,6631.534,4229.323,5764.009,905.561,4655.813,4570.411,4983.411,993.552,2536.193,3276.23,2827.611,908.359,4480.657,2536.106,2713.252,920.986,8912.083,16836.232,13360.433,1011.822,6664.609,1979.188,2697.463,879.705,6116.203,7713.35,7330.419,990.344,7257.306,4599.146,12666.046,1070.883,7768.161,18223.047,8620.556,1011.997,19544.021,27945.555,25399.99,1138.066,34363.566,20811.549,25402.486,1223.299,1658.636,1705.19,2051.194,844.093,1964.81,4894.52,2219.258,784.28,1197.054,1434.19,1054.929,846.211,1473.667,2047.455,3428.214,869.049,4687.959,1284.847,1644.657,813.198,1636.861,3326.312,2634.939,844.824,1156.367,1427.396,1744.812,891.201,19667.379,6179.491,20893.1,1073.1,1941.2,2613.953,3841.411,899.286,8115.847,2498.357,3233,956.069,6488.3,7902.667,5548.28,962.369,18550.643,10015.675,12977.471,1111.417,33652.402,34810.902,37139.398,1202.675,16707.045,13490.75,21287.633,1185.785
5988.582,3366.43,5161.879,942.325,1949.429,2389.769,3981.79,883.537,2135.875,1780.889,3882.418,958.102,6566.648,4284.939,5769.018,900.604,4687.703,4642.567,5008.444,995.309,2677.409,3294.98,2871.944,914.689,4524.657,2529.72,2709.717,920.096,8894.027,16798.367,13177.784,1014.571,6569.641,1938.542,2673,877.83,6147.031,7740.95,7374.067,989.807,7227.944,4590.104,12533.363,1070.073,7793.161,18158.172,8589.111,1015.569,19687.896,27907.223,25351.07,1126.256,34319.293,20734.039,25404.156,1223.606,1683.784,1708.333,2042.316,839.121,1969.937,4860.636,2228.542,786.415,1161.839,1436.952,1075.271,845.87,1495.742,2057.372,3444.42,869.267,4671.333,1292.958,1618.571,812.557,1643.903,3343.292,2674.909,842.246,1176.398,1422,1764.172,892.879,19808.137,6148.291,20747.828,1076.354,1949.933,2606.031,3651.661,902.326,8067.611,2497.286,3244.489,953.531,6606.7,8006.08,5541.16,962.338,18486.576,9901.134,12971.661,1114.104,33612.973,34840.359,37131.863,1199.62,16707.312,13556.286,21239.775,1189.044
5916.173,3361.316,5145.835,937.727,1993.054,2423.244,3980.7,879.834,2080.303,1751.611,3825.455,957.75,6599.625,4248.959,5760.518,896.783,4706.978,4559.133,4966.022,994.03,1672.261,3288.88,2805.792,911.672,4454.243,2546.758,2695.98,916.353,8826.194,16652.732,13068.595,1014.556,6548.922,2003.833,2701.898,878.075,6094.266,7697.575,7348.419,990.409,7178.556,4558.792,12603.939,1067.501,7724.643,18153.547,8705.63,1005.556,19633.959,27887.93,25443.879,1122.38,34272.938,20670.164,25431.357,1215.266,1667.784,1738.524,2067.985,844.331,1984.413,4829.545,2206.317,782.401,1151.25,1430.254,1045.636,845.531,1496.508,2052.679,3443.33,869.748,4684.088,1301.292,1658.171,818.041,1649.806,3322.271,2683.576,843.652,1151.49,1388.542,1739.469,891.43,19664.5,6088.691,20830.271,1072.452,1921.633,2552.094,3523.982,902.105,8048.583,2476.243,3228.886,953.119,6532.3,8006.698,5585.68,963.845,18458.549,9928.775,12941.248,1115.362,33488.48,34744.25,37036.977,1197.993,16607.045,13654.268,21295.49,1190.361
5902.636,3399.734,5143.879,934.706,2005.304,2401.628,3957.66,879.71,2138.018,1767.361,3868.909,959.074,6638.909,4234.565,5751.854,895.672,4664,4630.811,5033.755,993.753,1489.409,3272.57,2844.458,912.284,4468.757,2530.053,2699.656,910.479,8924.861,16781.268,13209.081,1013.576,6661.891,1997.125,2674.981,880.477,6147.484,7679.312,7333.971,993.204,7123.167,4531.438,12574.174,1067.167,7739.946,18115.406,8664.759,1005.783,19686.209,27956.459,25336.869,1115.603,34166.211,20637.99,25263.928,1223.756,1653.773,1716.5,2063.623,844.23,1953.429,4842.513,2210.858,780.153,1184.786,1421.635,1051.7,844.174,1509.367,2028.532,3441.808,867.17,4633.953,1318.181,1630.386,814.418,1642.375,3351.719,2663.778,839.456,1153.571,1425.479,1736.781,896.669,19640.682,6113.1,20730.852,1069.531,1931.2,2523.844,3538.982,900.799,8017.306,2514.257,3255.227,947.668,6486.725,8024.714,5673,958.926,18416.805,9888.333,12842.578,1108.042,33439.57,34685.141,37027.352,1191.015,16602.965,13649.75,21316.693,1193.965
5903.409,3351.329,5132.681,932.86,1994.839,2393.949,3968.35,878.349,2103.25,1721.375,3848.646,957.423,6613.341,4260.929,5778.6,894.644,4655.912,4625.9,4976.156,991.482,1433.523,3294.64,2809.292,915.412,4447.257,2509.72,2723.182,915.323,8825.333,16569.268,13080.648,1021.914,6583.344,1984.271,2696.407,873.994,6063.422,7648.987,7330.486,991.983,7223.833,4510.896,12563.333,1065.393,7845.536,18173,8594.056,1008.832,19552.188,27864.209,25326.242,1114.649,34128.605,20635.441,25280.357,1223.606,1674.682,1687.881,2051.847,844.551,1999.349,4831.13,2207.05,780.714,1159.786,1401.746,1049.829,839.694,1488.717,2047.545,3443.089,868.479,4679.772,1293.319,1634.157,814.488,1651.472,3358.01,2688.748,840.82,1134.48,1419.438,1745.25,893.813,19657.287,6105.836,20740.518,1070.409,1944,2532.906,3568.268,903.188,8010.111,2490.343,3215.557,951.264,6530.85,8002.492,5667.76,961.38,18398.307,9846.975,12865.463,1111.973,33314.105,34732.391,37066.414,1191.093,16533.688,13740.054,20957.775,1195.509
6200.627,3361.063,5078.055,932.169,1982.357,2386.731,3937.02,871.717,2114.589,1727.375,3837.536,957.455,6649.386,4214.05,5789.045,888.246,4706.088,4595.111,4963.255,990.133,1418.92,3268.36,2841.319,916.581,4509.314,2539.864,2739.919,917.082,8766.75,16495.867,13027.297,1016.988,6581.25,1990.146,2683.556,876.706,6100.562,7643.962,7285.562,990.872,7196.528,4542.646,12509.901,1061.965,7727.946,18334.453,8642.333,1010.372,19473.854,27841.125,25335.596,1110.021,33987.809,20512.471,25109.871,1215.065,1649.42,1778.976,2060.301,846.138,1995.349,4839.455,2214.642,779.475,1161.911,1427.857,1032.443,839.503,1514.692,2030.026,3441.428,868.532,4661.988,1328.986,1666.114,812.651,1660.458,3354.875,2647.899,839.166,1147.786,1408.146,1751.391,896.645,19587.531,6045.691,20644.062,1066.327,1955.9,2718.281,3895.411,901.466,7988.792,2470.2,3223.818,947.438,6416,7992.667,5587.92,961.307,18373.377,9883.375,12902.405,1110.545,33188.676,34724.07,36995.488,1191.651,16467.84,13570.964,21041.775,1191.07
6133.045,3367.582,5107.308,932.955,1998.411,2384.423,3987.16,871.605,2099,1743.903,3834.991,955.703,6666.75,4250.788,5737.809,883.259,4595.945,4561.533,5001.7,985.718,2492.602,3258.58,2791.972,914.311,4456.143,2534.152,2716.707,909.601,8802.889,16512.334,13085.919,1016.344,6561.25,2006.333,2661.815,879.901,6083.953,7719.962,7236.419,991.844,7149.444,4533.354,12576.454,1059.85,7769.589,18480.844,8614.87,1006.756,19581.5,27751.389,25325.191,1099.603,33849.109,20439.461,25146.5,1208.642,1633.102,1736.452,2040.158,844.669,1982.873,4815.805,2183.342,776.377,1142.446,1411.238,1051.1,840.168,1508.4,2032.808,3437.393,868.661,4638.9,1304.319,1634.143,817.623,1611.736,3301.01,2695.626,837.664,1161.837,1405.938,1732.438,890.838,19488.727,6109.646,20567,1070.927,1908.8,2752.906,4038.839,901.156,8029.333,2473.229,3234.795,946.397,6530.45,8005.095,5550.08,959.618,18390.498,9872.408,12790.917,1109.202,33168.648,34600.016,37031,1185.014,16379.83,13456.946,21045.633,1195.619
6094.818,3350.392,5085.714,929.74,1980.268,2399.641,3931.7,869.291,2117.018,1725.875,3878.245,952.904,6637.216,4248.707,5809.646,880.509,4672.758,4603.056,4957.578,984.97,2091,3270.48,2848.139,914.801,4441.071,2543.076,2734.101,915.487,8820.139,16402.768,13040.216,1012.552,6561.062,1972.208,2642.935,877.185,6092.594,7671.125,7271.657,990.402,7119.444,4501.146,12532.417,1056.874,7697.482,18352.578,8550.277,1003.001,19664.771,27859.445,25276.201,1104.394,33714.242,20388.076,25004.771,1202.654,1658.011,1737.143,2045.49,843.46,1972.302,4807.052,2183.558,774.669,1167.018,1421.921,1050.321,838.502,1502.1,2054.051,3420.572,864.035,4682.918,1304.917,1667.143,816.706,1639.75,3349.062,2675.263,838.183,1160.704,1399.792,1743.797,896.67,19474.318,6103.609,20631.494,1067.997,1927.967,2780.156,4119.321,901.294,8025.611,2447,3234.273,944.755,6435.625,8089.889,5546.04,958.362,18318.271,9810.592,12782.372,1109.818,33068.988,34586.168,37067.301,1186.975,16334.839,13484.571,20961.797,1200.635
6107.227,3266.013,5057.989,930.213,1960.839,2413,3980.59,867.449,2102.643,1707.014,3827.027,947.961,6639.545,4191.737,5786.318,875.8,4661.451,4579.978,4959.022,982.354,2111.295,3273.16,2860.264,915.959,4470.271,2506.871,2725.172,913.232,8800.139,16322.033,12996.271,1014.222,6642.609,1977.458,2681.787,875.79,6101.516,7677.2,7231.943,991.482,7160.472,4544.438,12564.137,1054.852,7731.286,18253.422,8549.074,1005.739,19457.771,27845.652,25231.99,1093.179,33702.547,20263.48,25023.172,1202.087,1664.727,1712.81,2042.959,841.754,1976.682,4779.383,2193.8,775.743,1129.554,1434.46,1044.779,836.976,1514.892,2060.821,3456.009,865.814,4644.509,1306.097,1628.643,819.037,1649.069,3333.625,2630.687,836.36,1152.092,1423.292,1744.172,894.116,19472.395,6079.418,20478.383,1067.724,1940.667,2699.281,4253.125,901.133,7929.472,2463.786,3207.466,948.166,6444.975,8056.762,5487.56,956.188,18331.291,9740.017,12779.239,1106.576,32989.078,34653.805,37058.926,1179.707,16262.026,13530.857,20944.816,1199.672
6025.246,3291.253,5063.33,925.505,1956.946,2372.872,3943.97,868.036,2068.286,1721.236,3844.873,945.948,6670.386,4221.95,5770.664,871.165,4637.011,4597.378,5057,980.049,1742.091,3268.88,2842.389,913.665,4503.171,2536.235,2730.929,911.432,8795.667,16479.4,12909.892,1008.159,6598.969,2020.188,2681.028,872.681,6039.391,7678.212,7201.543,985.98,7138.556,4530.896,12485,1052.479,7609.429,18070.766,8533.537,1002.374,19564.5,27840.973,25273.768,1094.81,33630.676,20130.941,24974.6,1204.908,1678.239,1740.81,2044.536,844.361,1946.619,4818.559,2193.717,773.975,1131.25,1407.889,1040.836,835.508,1500.408,2062.744,3435.692,866.362,4630.631,1309.472,1648.2,817.282,1633.028,3323.573,2673.172,834.682,1159.602,1396.333,1743.312,895.854,19456.242,6063.536,20569.791,1062.926,1939.7,2737.297,3992.214,900.632,8033.764,2452.471,3208.034,945.909,6558.6,8089.381,5571.32,961.82,18285.635,9789.991,12709.272,1103.818,32869.117,34512.332,36959.637,1179.583,16153.026,13531.357,20923.572,1199.238
6037.655,3321.747,4985.934,928.767,1956.125,2355.679,3968.73,866.793,2089.428,1701.944,3812.309,942.61,6673.193,4244.556,5728.973,869.935,4661.231,4535.389,5003.5,976.574,1484.5,3281.71,2828.222,915.257,4462.257,2529.818,2712.667,911.029,8605.139,16375.5,12865.433,1010.955,6639.734,1956.417,2658.259,871.733,6044.281,7666.05,7200.533,992.433,7084.056,4489.875,12480.561,1051.175,7689.607,18104.484,8496.686,1001.365,19431.979,27825.93,25262.666,1090.659,33677.547,20166.816,24838.543,1201.692,1658.511,1719.619,2040.316,842.796,1967.318,4796.318,2203.5,773.271,1136.071,1418.81,1043.007,835.72,1469.592,2045.365,3420.531,862.569,4671.597,1292.486,1656.957,817.763,1630.306,3343.542,2637.606,833.603,1166.745,1402.25,1761.172,895.437,19353.484,6088.618,20492.592,1067.026,1991.533,2634.547,3947.572,902.191,7973.014,2448.886,3188.864,943.835,6435.95,8065.683,5487.2,964.145,18258.623,9827.142,12662.066,1100.202,32755.572,34637.625,36838.887,1180.962,16139.901,13564.482,20962.143,1203.322
5992.827,3302.038,5003.923,927.07,1962.929,2418.269,3992.91,866.39,2108.625,1687.139,3801.618,938.327,6640.989,4202.778,5771.164,866.755,4589.055,4580.378,5025.589,970.144,1420.273,3278.16,2804.667,915.223,4482.1,2534.902,2724.121,914.329,8692.973,16402.033,12875.676,1011.796,6553.453,1963.833,2674.963,877.944,6057.688,7540.35,7160.038,987.66,7062.389,4525.458,12508.409,1053.27,7523.268,18059.719,8458.723,1000.185,19470.854,27850.166,25243.131,1093.929,33411.77,20030.355,24803.328,1206.811,1633,1684.381,2021.878,842.368,1997.429,4815.344,2224.617,772.317,1124.161,1397.905,1042.571,836.901,1493.05,2032.365,3419.531,865.401,4636.947,1290.861,1666.286,820.101,1625.708,3353.292,2633.475,830.481,1156.786,1401.938,1730.719,894.551,19314.697,5978.764,20368.643,1064.812,1914.9,2622.484,3964.857,904.799,8015.833,2456.029,3193.057,942.483,6515.575,8107.778,5475.08,956.577,18211.639,9781.509,12616.38,1104.009,32653.793,34559.723,36800.398,1181.633,16068.276,13478.75,20793.572,1201.788
6001.964,3231.203,5058.857,926.572,1967.536,2386.756,3931.75,862.689,2065.536,1698.333,3811.836,938.198,6678.807,4254.748,5742.146,865.848,4597.648,4556.2,4995.255,970.013,1400.011,3271.73,2828.764,912.989,4484.786,2515.447,2706.788,914.712,8635,16293.333,12964.027,1007.709,6546.422,1983.354,2703.62,878.798,6018.953,7615.062,7201.457,992.258,6989.194,4528.542,12505.409,1052.016,7618.179,17825.656,8535.426,1001.161,19463.875,27791.75,25269.777,1078.471,33370.656,20048.096,24776.643,1192.544,1647.091,1693.452,2046.347,839.786,1992.937,4765.013,2196.742,771.789,1136.196,1412.73,1028.164,834.807,1488.3,2056.789,3467.357,864.756,4612.158,1309.069,1650.829,822.136,1640.125,3340.115,2670.414,832.684,1141.122,1398.167,1766.719,894.101,19326.439,5981.2,20223.643,1063.74,1920.433,2601.672,4051.197,902.686,7987.875,2429.5,3223.034,942.182,6535.325,8185.238,5511.36,958.871,18177.977,9785.35,12602.818,1101.956,32617.975,34509.516,36833.961,1180.54,16028.393,13510.161,20763.285,1208.894
5965.191,3292.101,5017.868,923.53,1921.482,2374.795,3946.02,861.261,2087.928,1670.764,3818.955,935.218,6677.057,4244.586,5747.227,865.747,4628.231,4559.267,5029.511,966.396,2247.898,3329.93,2852.028,910.112,4472.343,2555.614,2702.242,908.518,8633.694,16114.066,12858.297,1006.626,6582.016,1983.833,2672.824,884.286,6006.5,7551.45,7201.676,988.721,7028.556,4491.521,12489.576,1052.108,7615.036,17828.297,8509.907,1006.937,19323.271,27801.639,25168.283,1087.151,33372.242,19978.299,24603.957,1196.962,1655.466,1667.857,2054.097,840.943,1935.587,4778.149,2166.775,768.172,1129.375,1415.286,1033.514,832.361,1508.35,2054.353,3429.951,863.212,4640.906,1293.083,1653.971,822.338,1610.111,3302,2663.515,830.487,1131.398,1431.479,1754.688,896.098,19366.439,6023.891,20249.246,1061.481,1937.233,2552.047,4073.286,903.964,7943.958,2431.543,3197.489,940.874,6392.225,8203.444,5487.56,956.354,18153.234,9721.733,12602.983,1093.788,32485.871,34471.5,36849.613,1169.963,16004.42,13274.214,20889.877,1203.834
5914.545,3270.101,5005.769,926.209,1958.321,2393.821,3989.17,859.799,2076.107,1666.444,3849.264,931.977,6651.261,4263.657,5768.955,864.474,4593.154,4563,4990.133,963.745,2233.898,3323.86,2785.292,907.312,4490.557,2537.78,2722.091,913.874,8670,16360.267,12755.648,1008.609,6553.922,1964.333,2658.12,879.777,5910.766,7570.962,7156.876,984.181,6954.556,4505.979,12413.462,1046.538,7607.929,17642.281,8507.648,1003.154,19325.041,27776.5,25249.586,1077.887,33200.355,19871.029,24547.715,1187.946,1639.523,1697.071,2027.138,839.035,1983.349,4776.279,2179.667,770.815,1116.036,1406.349,1025.521,833.473,1501.683,2024.404,3427.598,863.437,4657.912,1278.681,1662.9,817.277,1644.625,3293.927,2673.434,826.242,1151.051,1411.333,1734.344,895.496,19330.076,5994.618,20209.26,1066.433,1976.8,2614.797,3916.375,904.649,7961.125,2448.557,3162.011,937.849,6578.975,8074.937,5520.84,955.661,18153.07,9782.316,12615.058,1091.715,32383.053,34481.305,36942.613,1168.157,15874.509,13400.482,20505.857,1203.278
